siteB,lat,lon,count_n,count_y,count_c,count_h,count_obs,frac_farmed,last_yr_y,first_yr_n,last_yr_farmed,smpl.yr,YSF,BD,MC60,WEPw,TP.ign,HCl.Pi,HCl.Po,LOI,Ox.P,Ox.Al,Ox.Fe,Ox.Mn,Ox.PSR,Ox.SPSC,sand,silt,clay,fines,Ox.PSC,Ox.DPS,Ox.P2Fe,WFPS,Ox.P2Al,Ox.Al2Fe,HCl.PSR,MM.P,MM.P.ICP,MM.K,MM.Mg,MM.Ca,MM.Al,MM.B,MM.Cu,MM.Fe,MM.Mn,MM.Na,MM.S,MM.Zn,IP2TP,FF,TP,Pi,Po,Pi2TP,site_ID,study,OBJECTID,IDN,sample_date,project,Land_Use,LU_HSG,Transect,TPMD,TOP,Total_Inorganic,F__N,F__C,pH,TEXTURE,HSG,Al,Ca,Cu,Fe,K,Mg,Mn,Na,S,F39,F40,F41,F42,Value,Hydrogroup,HSG_2,sampledate,sample_yr
NA,44.832175,-73.002153,NA,NA,NA,NA,NA,0,NA,NA,1995,NA,20,NA,NA,NA,NA,NA,NA,0.0658930136544,618.4,2390.4,9744,1029.6,0.0759842068185914,1255.2154110985662,27.400000000000002,65.06666666666666,7.5,NA,8138.533333333333,NA,NA,NA,NA,NA,NA,0.8892248213333334,NA,NA,NA,NA,NA,NA,NA,NA,NA,NA,NA,NA,NA,0,1080.2756666666667,645.748156891995,434.5275097746715,0.5977623830818445,WWR-F,Perillo,47,58,20150617,USGS-VWRLSC-2014,Wetland,Wetland_C,Interior,1080.2756666666667,434.5275097746715,645.748156891995,0.314728485,3.8221005600000004,6.006666666666667,Silt loam,C,18257.86333333333,5134.803333333333,29.603333333333335,28032.36333333333,2439.193333333333,5905.316666666666,1523.8533333333335,286.94,661.0833333333334,NA,NA,NA,NA,5,B/D,D,2015-06-17,2015
GooA,43.9579333333333,-73.1531194444445,0,10,0,0,10,1,2020,NA,2020,2021.44722222222,1.4472222222223,1.0111793130166666,0.2642656184430887,2.4274814175197,1225.4669032157753,887.0280723630038,338.43883085277616,0.1152791706293855,758.0816999899857,1331.7511113993987,4159.834602097623,265.0942004315254,0.19800605475863403,123.70328963311161,16.53333333333333,71.36666666666666,12.133333333333335,83.46666666666667,3831.8131556514995,0.39601210951726684,0.32936561137715503,0.437910177004981,0.4965791903876463,0.6636235480198316,0.23165933015592355,9.578466739293763,12.892381949680797,207.66782219768993,249.68155336131068,1539.4818021373703,15.633516679212716,0.3152970879375299,2.428971995147234,52.148547592173834,35.87349534623338,156.54355416206255,30.048601528470048,2.6257142648363554,0.7240713111826262,1,1225.4669032157753,887.0280723630038,338.43883085277145,0.7240713111826262,GooA,Wiegman,NA,NA,NA,NA,NA,NA,NA,NA,NA,NA,NA,NA,NA,NA,NA,NA,NA,NA,NA,NA,NA,NA,NA,NA,NA,NA,NA,NA,NA,NA,NA,NA,NA
NA,44.906597,-73.042367,NA,NA,NA,NA,NA,1,NA,NA,2015,NA,0,NA,NA,NA,NA,NA,NA,0.03883089076870667,926,2390,3056,178.29999999999998,0.20875657828818986,95.18663042535555,69.66666666666667,23.2,7.1000000000000005,NA,4435.78835978836,NA,NA,NA,NA,NA,NA,22.703333333333333,NA,NA,NA,NA,NA,NA,NA,NA,NA,NA,NA,NA,NA,1,1107.0365213333334,828.1739643131931,86.74730963613241,0.7480999482435561,CCR-F,Perillo,1,1,20150805,USGS-VWRLSC-2014,Corn,Corn_A,Interior,1107.0365213333334,86.74730963613241,828.1739643131931,0.18911886533333333,2.2523718543333335,6.6000000000000005,Sandy loam,A,10073.03039,6292.878879,30.81074648666667,13677.291896666668,1368.4423473333334,3179.7874506666667,340.1124777333333,188.59972213333333,335.51511913333337,NA,NA,NA,NA,7,A,A,2015-08-05,2015
NA,44.910706,-72.928308,NA,NA,NA,NA,NA,1,NA,NA,2015,NA,0,NA,NA,NA,NA,NA,NA,0.07211422869324,601.224,2286.824,4734.4400000000005,220.48000000000002,0.11459605220808088,606.5924922962774,22.2,44.06666666666666,33.76666666666667,NA,5246.463455026455,NA,NA,NA,NA,NA,NA,15.118333333333334,NA,NA,NA,NA,NA,NA,NA,NA,NA,NA,NA,NA,NA,1,1175.1883333333333,688.0783726502323,268.7032312712031,0.5855047681579256,HTK-F,Perillo,55,39,20150626,USGS-VWRLSC-2014,Hay,Hay_D,Interior,1175.1883333333333,268.7032312712031,688.0783726502323,0.35014557533333335,4.182959901,7.338333333333334,Clay loam,D,23594.103333333333,8042.954000000001,40.55272,24312.773333333334,4752.512333333333,5672.081333333333,605.9679,367.3675333333333,624.5397666666667,NA,NA,NA,NA,1,D,D,2015-06-26,2015
NA,44.89465,-73.053225,NA,NA,NA,NA,NA,1,NA,NA,2015,NA,0,NA,NA,NA,NA,NA,NA,0.049163838486293326,907.2,1972.8000000000002,5352,527.2,0.1735344323458738,296.3154931554203,21.8,58.46666666666666,19.733333333333334,NA,5227.780952380953,NA,NA,NA,NA,NA,NA,12.886666666666665,NA,NA,NA,NA,NA,NA,NA,NA,NA,NA,NA,NA,NA,1,1346.2706666666666,1043.4964100189256,543.8928402907222,0.7751014976821841,HWH-F,Perillo,37,41,20150617,USGS-VWRLSC-2014,Hay,Hay_C,Interior,1346.2706666666666,543.8928402907222,1043.4964100189256,0.272850351,2.8517307706666664,7.163333333333334,Silt loam,C,29222.676666666666,7098.303333333334,40.415,28013.569999999996,5736.38,7855.59,802.9366666666666,376.8866666666666,696.19,NA,NA,NA,NA,3,C/D,D,2015-06-17,2015
NA,44.883558,-72.813442,NA,NA,NA,NA,NA,1,NA,NA,2015,NA,0,NA,NA,NA,NA,NA,NA,0.037233096407079995,460.024,1236.632,3027.88,295.456,0.14858730250611402,252.71922012793152,48.43333333333334,45.833333333333336,5.766666666666666,NA,3095.9845978835983,NA,NA,NA,NA,NA,NA,3.716666666666667,NA,NA,NA,NA,NA,NA,NA,NA,NA,NA,NA,NA,NA,1,1241.288,1031.254353228346,350.360879323576,0.8307937829322011,HTB-F,Perillo,17,37,20150708,USGS-VWRLSC-2014,Hay,Hay_B,Interior,1241.288,350.360879323576,1031.254353228346,0.195735498,2.159692367,6.023333333333333,Sandy loam,B,16351.476666666667,5229.64,22.323333333333334,23638.656666666666,2293.3766666666666,6099.833333333333,838.2433333333333,315.1566666666667,338.8666666666666,NA,NA,NA,NA,2,B,B,2015-07-08,2015
NA,44.912489,-72.964292,NA,NA,NA,NA,NA,0,NA,NA,1995,NA,20,NA,NA,NA,NA,NA,NA,0.06117847389373334,620,2397,7150,607.2,0.09239738207417456,924.7788917082868,25.233333333333334,63.866666666666674,10.9,NA,6710.146825396826,NA,NA,NA,NA,NA,NA,2.0233333333333334,NA,NA,NA,NA,NA,NA,NA,NA,NA,NA,NA,NA,NA,0,1078.2002333333332,796.2294948681043,281.970738465229,0.7384801730254721,WSK-F,Perillo,21,54,20150629,USGS-VWRLSC-2014,Wetland,Wetland_B,Interior,1078.2002333333332,281.970738465229,796.2294948681043,0.2644126416666666,3.5486353766666667,6.026666666666666,Silt loam,B,21339.34,4054.94,28.876666666666665,28826.55,3029.976666666667,7457.536666666667,1107.9066666666668,384.8033333333333,518.2966666666666,NA,NA,NA,NA,1,D,D,2015-06-29,2015
Sa2,43.87,-73.1809,10,0,0,0,10,0,NA,1993,1993,2018.56111111111,25.5611111111111,0.167186087251036,0.781662713053386,0.298285573766883,1780,200.390625,1579.609375,0.645945945945946,500.199999999999,3340,6840,100,0.06563233512564075,1254.327317804843,NA,NA,NA,NA,7621.243386243386,0.131264670251281,0.132103376721373,0.13948298507879,0.130436546262314,1.01277886073207,0.0262936918353391,2.66,NA,NA,NA,NA,NA,NA,NA,NA,NA,NA,NA,NA,0.11257900280898876,0,1780,200.390625,1579.609375,0.11257900280898876,Sa2,Wiegman,NA,NA,NA,NA,NA,NA,NA,NA,NA,NA,NA,NA,NA,NA,NA,NA,NA,NA,NA,NA,NA,NA,NA,NA,NA,NA,NA,NA,NA,NA,NA,NA,NA
NA,44.705097,-72.8286,NA,NA,NA,NA,NA,0,NA,NA,1995,NA,20,NA,NA,NA,NA,NA,NA,0.10867729461509333,499.20000000000005,2484.8,6824,438.32,0.07528855393545898,1027.2406544998087,59.23333333333333,33.53333333333333,7.233333333333333,NA,6630.489947089947,NA,NA,NA,NA,NA,NA,0.6508583333333333,NA,NA,NA,NA,NA,NA,NA,NA,NA,NA,NA,NA,NA,0,916.4074666666666,583.1545413357495,333.2529253309171,0.636348526771515,FBF-F,Perillo,9,15,20150521,USGS-VWRLSC-2014,Forest,Forest_B,Interior,916.4074666666666,333.2529253309171,583.1545413357495,0.6494753693333334,6.303787390666667,6.07,Sandy Loam,B,15848.623333333331,4274.645,32.71666666666667,25555.443333333333,2096.986666666667,6749.76,959,146.66,505.0566666666667,NA,NA,NA,NA,4,C,C,2015-05-21,2015
CVHFN,44.2642527777778,-73.0679388888889,10,1,0,0,11,0.0909090909090909,1993,2003,1993,2021.525,28.525,0.9427614769505432,0.2649620605,1.595731744,1244.54609836065,773.875205479452,470.670892881203,0.0622950819672077,525.75,1191.99999999999,3887.74999999999,260.249999999999,0.14932940598827832,284.7784197045983,NA,NA,NA,NA,3520.7399140211473,0.298658811976555,0.244290897172881,0,0.384153767049144,0.635919566920788,0.219804707072378,3.75,6.955,52.97,108.37,1131.01,39.17,0.145,0.59,24.06,6.625,12.28,6.34,2.3,0.6218132108556056,0.0909090909090909,1244.54609836065,773.875205479452,470.6708928811979,0.6218132108556056,CVHFN,Wiegman,NA,NA,NA,NA,NA,NA,NA,NA,NA,NA,NA,NA,NA,NA,NA,NA,NA,NA,NA,NA,NA,NA,NA,NA,NA,NA,NA,NA,NA,NA,NA,NA,NA
OCDFN,43.7808944444444,-73.0989805555556,4,5,0,0,9,0.555555555555555,2016,2003,2016,2021.525,5.52500000000009,0.9223020255833333,0.29813653459910583,2.5412732072770736,1023.291117475485,706.8427417427097,316.4483757327761,0.05296715121318676,548.0349025237946,1021.3199650150465,3121.1058182710935,88.96587966124247,0.19028631707386792,116.6308466986144,27.066666666666666,65.43333333333334,7.5,72.93333333333334,2900.381633041684,0.38057263414773473,0.32394458305540574,0.43795742763722384,0.4666826644940139,0.690575501572061,0.24533990477428497,8.240369485564493,11.564061203016738,91.06903501427898,111.43796794165695,600.3282102529021,41.96754922512977,0.10899675166021226,1.5964167178587376,76.76949626643976,7.066616150226471,13.37202580074592,7.4634385681539,2.7998181706704344,0.690476203691406,0.555555555555555,1023.291117475485,706.8427417427097,316.4483757327753,0.690476203691406,OCDFN,Wiegman,NA,NA,NA,NA,NA,NA,NA,NA,NA,NA,NA,NA,NA,NA,NA,NA,NA,NA,NA,NA,NA,NA,NA,NA,NA,NA,NA,NA,NA,NA,NA,NA,NA
NA,44.819531,-72.823867,NA,NA,NA,NA,NA,0,NA,NA,1995,NA,20,NA,NA,NA,NA,NA,NA,0.24312169744373333,668,2250,5140,452.9999999999999,0.12304993311550184,581.7679522446091,36.733333333333334,42.9,20.333333333333332,NA,5428.690476190476,NA,NA,NA,NA,NA,NA,1.5410000000000001,NA,NA,NA,NA,NA,NA,NA,NA,NA,NA,NA,NA,NA,0,888.6666666666666,645.17638891867,243.49027774799663,0.7260049387681958,W36-F,Perillo,57,45,20150731,USGS-VWRLSC-2014,Wetland,Wetland_D,Interior,888.6666666666666,243.49027774799663,645.17638891867,1.0876247086666666,14.102186626666667,6.333333333333333,Loam,D,11602.333333333334,5619.333333333333,30.333333333333332,12266,1238.6666666666667,2845,636.6666666666666,186.66666666666666,1567,NA,NA,NA,NA,6,A/D,D,2015-07-31,2015
NA,44.846422,-72.764125,NA,NA,NA,NA,NA,1,NA,NA,2015,NA,0,NA,NA,NA,NA,NA,NA,0.03090499983324,1011.9999999999999,1802,3950,214.8,0.23780597542405513,-32.30238045246773,46.36666666666667,45.333333333333336,8.266666666666667,NA,4255.570105820107,NA,NA,NA,NA,NA,NA,13.516666666666666,NA,NA,NA,NA,NA,NA,NA,NA,NA,NA,NA,NA,NA,1,1430.6526666666666,1131.868518596205,298.78414807046175,0.7911553551522673,CJB-F,Perillo,23,3,20150624,USGS-VWRLSC-2014,Corn,Corn_C,Interior,1430.6526666666666,298.78414807046175,1131.868518596205,0.16964398300000003,1.792633401,7.446666666666666,Loam,C,16062.26,3874.8926666666666,63.28593,21702.13,1849.1290000000001,5959.560333333334,636.4167000000001,308.42269999999996,341.01160000000004,NA,NA,NA,NA,5,B/D,D,2015-06-24,2015
NA,44.897939,-73.053833,NA,NA,NA,NA,NA,0,NA,NA,1995,NA,20,NA,NA,NA,NA,NA,NA,0.08373655122959998,844,2068,5608,391.12,0.1540483615050995,417.3036908777603,9.933333333333334,63.93333333333334,26.166666666666668,NA,5478.798941798941,NA,NA,NA,NA,NA,NA,4.973846653666667,NA,NA,NA,NA,NA,NA,NA,NA,NA,NA,NA,NA,NA,0,1161.12,682.5686819373396,524.5563180626604,0.5878536946545919,WWH-F,Perillo,45,56,20150617,USGS-VWRLSC-2014,Wetland,Wetland_C,Interior,1161.12,524.5563180626604,682.5686819373396,0.4193643663333333,4.85710854,5.246666666666666,Silt loam,C,22939.61333333333,5065.409,26.900446666666667,22830.296666666665,4107.7536666666665,6800.5289999999995,770.9420999999999,282.2013666666667,718.4394666666667,NA,NA,NA,NA,3,C/D,D,2015-06-17,2015
NA,44.862025,-73.043797,NA,NA,NA,NA,NA,0,NA,NA,1995,NA,20,NA,NA,NA,NA,NA,NA,0.06421273328873334,322.08,1329.6,3510.4,327.6,0.09282285969416229,476.72930813941394,49.73333333333334,38.43333333333333,11.866666666666667,NA,3469.8349206349203,NA,NA,NA,NA,NA,NA,1.4988333333333335,NA,NA,NA,NA,NA,NA,NA,NA,NA,NA,NA,NA,NA,0,709.6067911333333,598.8485988510221,110.7581922823112,0.843916104430996,FHB-F,Perillo,31,17,20150627,USGS-VWRLSC-2014,Forest,Forest_C,Interior,709.6067911333333,110.7581922823112,598.8485988510221,0.2933707403333334,3.724636501666667,6.126666666666668,Loam,C,20270.023333333334,4742.926666666666,28.573363333333333,24496.736666666664,4565.579333333334,5393.878333333333,614.6123666666667,227.9321,367.4710666666667,NA,NA,NA,NA,3,C/D,D,2015-06-27,2015
DM,44.50281666666666,-73.21214333333333,0,13,0,0,13,1,2020,NA,2020,2019.58333333333,0,0.9557550385262266,0.14833644596380924,11.785922438888075,1407.3641092342452,1135.4286467262004,271.9354625080404,0.03760956613414843,757.7622340394676,629.6916563146992,2270.7091057423686,231.88765213770972,0.38142865622296135,-302.1748969886667,53.3299999999999,40.42,6.25,46.6700000000001,1979.978992638016,0.7628573124459217,0.6007878541095463,0.22478594792012416,1.0465802998729614,0.5777156642969842,0.5747567619240679,214.86428550172417,215.2640712210582,236.66207187574776,123.8205706463445,2455.385988438778,4.48900001115948,0.3697142862456895,0.40328571747413683,2.6208571412629316,11.070357146842673,17.93228552404314,33.0413565963083,2.9610000074396483,0.819286270136997,1,1407.3641092342452,1130.2739136423688,277.0901955918764,0.8141070132719092,DM,Wiegman,NA,NA,NA,NA,NA,NA,NA,NA,NA,NA,NA,NA,NA,NA,NA,NA,NA,NA,NA,NA,NA,NA,NA,NA,NA,NA,NA,NA,NA,NA,NA,NA,NA
Za1,43.74,-73.0572,8,1,0,0,9,0.111111111111111,1994,2003,1994,2018.53055555555,24.5305555555555,0.298769637996224,0.617466638486576,2.55244944017566,1482.5,512.068965517241,970.431034482758,0.218264604640082,758.4,2100,4740,94.1999999999999,0.15062443353325505,400.74349162410704,NA,NA,NA,NA,5035.039682539682,0.30124886706651,0.289032258064516,0.20792209927492,0.314543778801843,0.918893577121425,0.101701078403209,4.8,NA,NA,NA,NA,NA,NA,NA,NA,NA,NA,NA,NA,0.3454090829795892,0.111111111111111,1482.5,512.068965517241,970.431034482759,0.3454090829795892,Za1,Wiegman,NA,NA,NA,NA,NA,NA,NA,NA,NA,NA,NA,NA,NA,NA,NA,NA,NA,NA,NA,NA,NA,NA,NA,NA,NA,NA,NA,NA,NA,NA,NA,NA,NA
Go1,43.95,-73.1637,3,6,0,0,9,0.666666666666666,2011,2015,2011,2018.48333333333,7.48333333333334,0.414540724228689,0.521743593137309,0.504752227189078,1860,367.5,1492.5,0.297015443615257,999.799999999999,5780,5300,222,0.10446985455605932,1203.4127983561405,NA,NA,NA,NA,9570.224867724868,0.208939709112118,0.34077175897748,0.256391390645401,0.150656323250362,2.26191474493361,0.0384003516196757,1.395,NA,NA,NA,NA,NA,NA,NA,NA,NA,NA,NA,NA,0.1975806451612903,0.666666666666666,1860,367.5,1492.5,0.1975806451612903,Go1,Wiegman,NA,NA,NA,NA,NA,NA,NA,NA,NA,NA,NA,NA,NA,NA,NA,NA,NA,NA,NA,NA,NA,NA,NA,NA,NA,NA,NA,NA,NA,NA,NA,NA,NA
PoW2,43.75,-73.0559,8,1,0,0,9,0.111111111111111,1994,2003,1994,2018.53055555555,24.5305555555555,0.685255062597731,0.31517934402537,2.21879238924921,927.5,408.75,518.75,0.0807596632223493,477.599999999999,875.999999999999,3640,256,0.15810497664324835,217.82945468657712,NA,NA,NA,NA,3020.7777777777765,0.316209953286497,0.237022332506203,0.291306178258293,0.474856385329209,0.499145299145299,0.135312833339463,4.175,NA,NA,NA,NA,NA,NA,NA,NA,NA,NA,NA,NA,0.44070080862533695,0.111111111111111,927.5,408.75,518.75,0.44070080862533695,PoW2,Wiegman,NA,NA,NA,NA,NA,NA,NA,NA,NA,NA,NA,NA,NA,NA,NA,NA,NA,NA,NA,NA,NA,NA,NA,NA,NA,NA,NA,NA,NA,NA,NA,NA,NA
QuH1,43.8,-73.1164,8,1,0,0,9,0.111111111111111,1993,2003,1993,2018.53055555555,25.5305555555555,0.151312042753429,0.681341561615057,1.01363704575423,1185,212.068965517241,972.931034482758,0.357837151867133,477.4,2400,5820,110.2,0.07986828565548466,898.6757942344335,NA,NA,NA,NA,5977.341269841269,0.159736571310969,0.148178694158075,0.109338277108493,0.17325,0.85528827796869,0.0354788117230711,2.01,NA,NA,NA,NA,NA,NA,NA,NA,NA,NA,NA,NA,0.17896115233522447,0.111111111111111,1185,212.068965517241,972.9310344827591,0.17896115233522447,QuH1,Wiegman,NA,NA,NA,NA,NA,NA,NA,NA,NA,NA,NA,NA,NA,NA,NA,NA,NA,NA,NA,NA,NA,NA,NA,NA,NA,NA,NA,NA,NA,NA,NA,NA,NA
NA,44.920153,-72.757958,NA,NA,NA,NA,NA,1,NA,NA,2015,NA,0,NA,NA,NA,NA,NA,NA,0.05320761154477334,1254,1478,4086,329.80000000000007,0.31675818897756186,-342.6105676451713,42.76666666666667,49.73333333333333,7.533333333333334,NA,3958.85582010582,NA,NA,NA,NA,NA,NA,47.077463333333334,NA,NA,NA,NA,NA,NA,NA,NA,NA,NA,NA,NA,NA,1,1352.8653333333332,984.7525669446271,368.11276638870623,0.7279013976345223,CJS-F,Perillo,5,5,20150624,USGS-VWRLSC-2014,Corn,Corn_B,Interior,1352.8653333333332,368.11276638870623,984.7525669446271,0.285062341,3.086288372666667,7.906666666666666,Silt loam,B,18701.536666666667,5673.196666666667,51.63666666666668,21315.573333333334,2833.1200000000003,6989.420000000001,764.7599999999999,265.90000000000003,691.6999999999999,NA,NA,NA,NA,5,B/D,D,2015-06-24,2015
MuF1,44.57,-73.1587,6,3,0,0,9,0.333333333333333,2004,2006,2004,2018.43055555555,14.4305555555556,0.6,0.430850972507607,0.419645252056488,1012.5,580.078125,432.421875,0.0942957746478874,512.8,1401.99999999999,5760,171.6,0.10687173741886989,591.8366545800652,NA,NA,NA,NA,4798.275132275121,0.213743474837739,0.160824372759856,0.334172217701022,0.318567944411209,0.504835390946502,0.120893051984068,1.8,NA,NA,NA,NA,NA,NA,NA,NA,NA,NA,NA,NA,0.5729166666666666,0.333333333333333,1012.5,580.078125,432.421875,0.5729166666666666,MuF1,Wiegman,NA,NA,NA,NA,NA,NA,NA,NA,NA,NA,NA,NA,NA,NA,NA,NA,NA,NA,NA,NA,NA,NA,NA,NA,NA,NA,NA,NA,NA,NA,NA,NA,NA
Sa1,43.86,-73.1805,10,0,0,0,10,0,NA,1993,1993,2018.56111111111,25.5611111111111,0.185440430015859,0.713697931546978,1.52510720785604,1897.5,66.25,1831.25,0.706827309236947,696.8,4420,15380,203.999999999999,0.05127773629939969,2431.537500523763,NA,NA,NA,NA,13588.743386243386,0.102555472598799,0.0818423591593607,0.142306722989915,0.137305502846299,0.596060299571352,0.00487535882582553,3.07,NA,NA,NA,NA,NA,NA,NA,NA,NA,NA,NA,NA,0.03491436100131752,0,1897.5,66.25,1831.25,0.03491436100131752,Sa1,Wiegman,NA,NA,NA,NA,NA,NA,NA,NA,NA,NA,NA,NA,NA,NA,NA,NA,NA,NA,NA,NA,NA,NA,NA,NA,NA,NA,NA,NA,NA,NA,NA,NA,NA
MC,44.56740857142857,-73.15820857142857,7,3,0,0,10,0.3,2004,2006,2004,2019.58333333333,15.5833333333332,0.39218451711404256,0.5026524190650766,0.7648767721884122,1143.7039394595602,592.5850489695625,626.4236941729791,0.2901622101809052,526.1586739517815,1025.5357587924118,4486.260679375995,256.2670848211905,0.15383685276494785,309.3918402897041,3.795,77.455,18.75,96.205,3660.9327155432106,0.3076717570731105,0.2404971494635886,0.22067101490182667,0.45346893524839127,0.5524646672574834,0.1803363539422334,2.782131796056619,8.64296953670374,95.63123989828101,302.3352018180985,2109.8514423439797,34.10697165242679,0.3098857626390288,1.7108629151668344,96.02399492325604,51.82115993195129,104.32038671430723,41.71172519565216,3.4959642479271946,0.5358849602733421,0.3,1143.7039394595602,592.5850489695625,551.1188904899976,0.5358849602733421,MC,Wiegman,NA,NA,NA,NA,NA,NA,NA,NA,NA,NA,NA,NA,NA,NA,NA,NA,NA,NA,NA,NA,NA,NA,NA,NA,NA,NA,NA,NA,NA,NA,NA,NA,NA
NA,44.919417,-72.672672,NA,NA,NA,NA,NA,1,NA,NA,2015,NA,0,NA,NA,NA,NA,NA,NA,0.037864432413400005,577.6,1224.8000000000002,3344,354.00000000000006,0.177319622459342,172.30230755788318,39.53333333333334,54.6,5.866666666666667,NA,3257.3947089947096,NA,NA,NA,NA,NA,NA,9.816666666666666,NA,NA,NA,NA,NA,NA,NA,NA,NA,NA,NA,NA,NA,1,1081.2166666666667,793.8439658898773,259.5152174387965,0.7342135858275806,HHB-F,Perillo,13,29,20150708,USGS-VWRLSC-2014,Hay,Hay_B,Interior,1081.2166666666667,259.5152174387965,793.8439658898773,0.20140158466666666,2.196312785,6.473333333333333,Silt loam,B,17819.076666666664,4498.07,23.376666666666665,24040.10666666667,1761.8633333333335,7261.923333333333,958.5,253.74666666666667,290.12666666666667,NA,NA,NA,NA,4,C,C,2015-07-08,2015
NA,44.978047,-72.334311,NA,NA,NA,NA,NA,1,NA,NA,2015,NA,0,NA,NA,NA,NA,NA,NA,0.0870353121352,802.3999999999999,2317.6,6928,228.64000000000001,0.12352043703612721,693.0999532362924,19.1,60.56666666666666,20.266666666666666,NA,6496.091005291005,NA,NA,NA,NA,NA,NA,4.3790000000000004,NA,NA,NA,NA,NA,NA,NA,NA,NA,NA,NA,NA,NA,1,1130.1384999999998,865.7257731783976,527.2807127580933,0.7660351126684011,HMR-F,Perillo,53,35,20150710,USGS-VWRLSC-2014,Hay,Hay_D,Interior,1130.1384999999998,527.2807127580933,865.7257731783976,0.3205604716666667,5.04845198,6.390000000000001,Silt loam,D,27740.853333333333,4012.6933333333327,55.01,26882.143333333337,7053.91,7250,672.63,457.84,664.74,NA,NA,NA,NA,3,C/D,D,2015-07-10,2015
MiD1,44.96486,-73.16756,10,0,0,0,10,0,NA,1993,1993,2018.62222222222,25.6222222222222,0.770453881020798,0.441320434586505,0.246248836053899,1242.5,817.5,424.999999999999,0.0978260869565215,570.199999999999,1475.99999999999,5960,268,0.11417810113184525,579.4845635468406,NA,NA,NA,NA,4993.95238095237,0.22835620226369,0.172825286858627,0.479395079026795,0.336467348544453,0.513646532438478,0.163697996624488,2.605,NA,NA,NA,NA,NA,NA,NA,NA,NA,NA,NA,NA,0.6579476861167002,0,1242.5,817.5,425,0.6579476861167002,MiD1,Wiegman,NA,NA,NA,NA,NA,NA,NA,NA,NA,NA,NA,NA,NA,NA,NA,NA,NA,NA,NA,NA,NA,NA,NA,NA,NA,NA,NA,NA,NA,NA,NA,NA,NA
Ro1,43.65,-73.0669,8,1,0,0,9,0.111111111111111,1994,2003,1994,2018.49166666666,24.4916666666665,0.610777094300353,0.43604675394228,0.365943253011373,297.499999999999,181.249999999999,116.249999999999,0.128019999825418,468.399999999999,1790,4866.66666666666,743.333333333333,0.09862645595779869,624.9463571944303,NA,NA,NA,NA,4749.2328042328,0.197252911915597,0.173864781263809,0.346096312870008,0.227911335375743,0.762861491628614,0.0381640588009202,1.045,NA,NA,NA,NA,NA,NA,NA,NA,NA,NA,NA,NA,0.6092436974789903,0.111111111111111,297.499999999999,181.249999999999,116.24999999999997,0.6092436974789903,Ro1,Wiegman,NA,NA,NA,NA,NA,NA,NA,NA,NA,NA,NA,NA,NA,NA,NA,NA,NA,NA,NA,NA,NA,NA,NA,NA,NA,NA,NA,NA,NA,NA,NA,NA,NA
GooF,43.9451805555556,-73.1638666666667,6,4,0,0,10,0.4,2016,2006,2016,2021.44722222222,5.4472222222223,0.6072374281166667,0.3972398453467492,2.038296561642256,1201.4311665982318,534.0698437633512,667.3613228348823,0.188235541433296,703.8510189086086,3267.162137908008,7313.123965849765,409.03740680834767,0.09126737587798123,1085.4318230737115,1.5666666666666667,59.266666666666666,39.166666666666664,98.43333333333334,7799.52263943423,0.1825347517559618,0.1768329610796919,0.3573856674189184,0.18980075362386425,0.939283038815157,0.06883403646696781,0.9808974667561319,4.503737655276703,143.3445308202443,472.0721396890734,3384.314003945626,64.95273353565898,0.2769028489647964,0.5580445685367919,25.891978570878717,23.53710924061897,45.296502012668334,14.991377158968865,1.5414214040357992,0.4438332210076927,0.4,1201.4311665982318,534.0698437633512,667.3613228348806,0.4438332210076927,GooF,Wiegman,NA,NA,NA,NA,NA,NA,NA,NA,NA,NA,NA,NA,NA,NA,NA,NA,NA,NA,NA,NA,NA,NA,NA,NA,NA,NA,NA,NA,NA,NA,NA,NA,NA
NA,44.910786,-72.868792,NA,NA,NA,NA,NA,1,NA,NA,2015,NA,0,NA,NA,NA,NA,NA,NA,0.0609817152966,688.5699999999999,1272.02,3304.6500000000005,370.09000000000003,0.20930278464612037,68.79877190797463,32,58.4,9.6,NA,3289.8272288359794,NA,NA,NA,NA,NA,NA,13.434,NA,NA,NA,NA,NA,NA,NA,NA,NA,NA,NA,NA,NA,1,1425.733,946.2043783350656,277.92367234099214,0.6636616942548609,HKF-F,Perillo,15,31,20150717,USGS-VWRLSC-2014,Hay,Hay_B,Interior,1425.733,277.92367234099214,946.2043783350656,0.309603471,3.5372224649999997,6.156666666666666,Silt loam,B,22378.75333333333,5453.613333333334,70.21333333333332,28687.543333333335,3957.4166666666665,8831.003333333334,1047.8333333333333,470.19,624.1733333333334,NA,NA,NA,NA,5,B/D,D,2015-07-17,2015
QuH2,43.788579999999996,-73.109195,4,5,0,0,9,0.555555555555555,2009,2011,2009,2018.657638888885,9.657638888888922,0.8425202444478099,0.2809515037071813,1.5382287032965,1093.6689056022738,474.5180342113299,619.1508713909461,0.1271555142124362,595.6255116700199,1870.5911339714467,2966.057203043559,176.66439688706083,0.15846971676319088,269.7866226184781,5.7,83.05,11.25,94.3,3789.64026952506,0.3169394335263811,0.36706417959320226,0.356463263364609,0.2791227521807794,1.315035805789659,0.13030687681944014,5.147762281354222,9.572618442144801,53.23978967965923,193.05681878660002,1948.7448635173723,23.27977869304801,0.20077030602818227,0.4413837551774529,14.917032949728236,17.35797953276054,19.610663920855977,18.501257201941304,0.7386442015552959,0.4332917170497669,0.555555555555555,1093.6689056022738,474.5180342113299,619.150871390944,0.4332917170497669,QuH2,Wiegman,NA,NA,NA,NA,NA,NA,NA,NA,NA,NA,NA,NA,NA,NA,NA,NA,NA,NA,NA,NA,NA,NA,NA,NA,NA,NA,NA,NA,NA,NA,NA,NA,NA
NA,44.900131,-72.928517,NA,NA,NA,NA,NA,1,NA,NA,2015,NA,0,NA,NA,NA,NA,NA,NA,0.03485614076265333,1101.3333333333333,3065.333333333333,4560,111.33333333333334,0.18222704434046672,290.02904526548895,72.39999999999999,20.8,6.8,NA,6043.742504409171,NA,NA,NA,NA,NA,NA,15.15,NA,NA,NA,NA,NA,NA,NA,NA,NA,NA,NA,NA,NA,1,1178.7106666666666,930.8035207665095,247.9071459001572,0.7896793904468296,CSK-F,Perillo,25,9,20150727,USGS-VWRLSC-2014,Corn,Corn_C,Interior,1178.7106666666666,247.9071459001572,930.8035207665095,0.204948538,2.0218179096666664,6.363333333333333,Loamy sand,C,9522.636666666667,1496.97,28.49,14831.333333333334,769.86,3055.7700000000004,299.27000000000004,155.74666666666667,415.03000000000003,NA,NA,NA,NA,4,C,C,2015-07-27,2015
RRR,44.94711968,-72.89164489,11,0,0,0,11,0,NA,1995,1995,2020.77222222222,25.7722222222221,0.142623053510193,0.793687969130944,0.510961111111111,2625,268.723973941367,2356.27602605863,0.617647058823539,1319.32715372869,4609.16054168663,7249.27365452438,NA,0.14178705898597818,822.8244831806849,NA,NA,NA,NA,9304.989913495301,0.283574117971957,0.32876406359867,0.119637071284041,0.249306003026911,1.31871699681127,0.028879555640531,4.165,12.5699999999999,287.215,536.064999999999,4435.94,45.8399999999999,0.55,0.745,18.355,29.365,26.545,42.18,7.5,0.10237103769194933,0,2625,268.723973941367,2356.276026058633,0.10237103769194933,RRR,Wiegman,NA,NA,NA,NA,NA,NA,NA,NA,NA,NA,NA,NA,NA,NA,NA,NA,NA,NA,NA,NA,NA,NA,NA,NA,NA,NA,NA,NA,NA,NA,NA,NA,NA
NA,44.864889,-72.553331,NA,NA,NA,NA,NA,0,NA,NA,1995,NA,20,NA,NA,NA,NA,NA,NA,0.049638368584066665,177.20000000000002,1317.1428571428573,4131.428571428572,187.14285714285717,0.0466399747736743,697.4609028161477,64.86666666666666,30.833333333333332,4.266666666666667,NA,3799.315948601664,NA,NA,NA,NA,NA,NA,1.072,NA,NA,NA,NA,NA,NA,NA,NA,NA,NA,NA,NA,NA,0,455.6541333333334,336.4890742998853,119.16505903344802,0.738474754608946,FWB-F,Perillo,33,27,20150619,USGS-VWRLSC-2014,Forest,Forest_C,Interior,455.6541333333334,119.16505903344802,336.4890742998853,0.22955615333333332,2.879255718333333,3.9,Sandy loam,C,11140.49,3028.301,16.983803333333334,21613.75,1168.4046,4051.9860000000003,537.5892666666667,185.5978,259.25245,NA,NA,NA,NA,5,B/D,D,2015-06-19,2015
PoW1,43.74,-73.0547,8,1,0,0,9,0.111111111111111,1994,2003,1994,2018.47222222222,24.4722222222221,0.511725539040683,0.47704716184272,0.482452010692906,947.5,437.903225806451,509.596774193548,0.111461442786068,376.199999999999,1085.99999999999,3440,107.8,0.11938405432088829,349.248807267116,NA,NA,NA,NA,3151.1746031745915,0.238768108641776,0.197554388597149,0.302538628376323,0.301710924968811,0.654780361757105,0.13896507840768,2.125,NA,NA,NA,NA,NA,NA,NA,NA,NA,NA,NA,NA,0.46216699293556834,0.111111111111111,947.5,437.903225806451,509.596774193549,0.46216699293556834,PoW1,Wiegman,NA,NA,NA,NA,NA,NA,NA,NA,NA,NA,NA,NA,NA,NA,NA,NA,NA,NA,NA,NA,NA,NA,NA,NA,NA,NA,NA,NA,NA,NA,NA,NA,NA
NA,44.909986,-72.870158,NA,NA,NA,NA,NA,1,NA,NA,2015,NA,0,NA,NA,NA,NA,NA,NA,0.01449209460864,740,1870,3942,285.79999999999995,0.1709316575854895,256.65194572195094,59.1,35,5.833333333333333,NA,4329.215608465609,NA,NA,NA,NA,NA,NA,11.37,NA,NA,NA,NA,NA,NA,NA,NA,NA,NA,NA,NA,NA,1,1037.4473333333333,899.8550010162176,137.59233231711582,0.8673741520207782,CKF-F,Perillo,7,7,20150717,USGS-VWRLSC-2014,Corn,Corn_B,Interior,1037.4473333333333,137.59233231711582,899.8550010162176,0.08311734666666666,0.8406087360000001,6.846666666666667,Sandy loam,B,15690.01,3455.463333333333,26.260180000000002,21465.816666666666,2521.6776666666665,5978.668000000001,598.8335666666667,317.7028,216.23979999999997,NA,NA,NA,NA,2,B,B,2015-07-17,2015
NA,44.970164,-72.318619,NA,NA,NA,NA,NA,1,NA,NA,2015,NA,0,NA,NA,NA,NA,NA,NA,0.08932899168362667,1019.2,3016.8,7208,213.36,0.1367342271263146,696.7968179643585,42.6,46.43333333333334,10.966666666666669,NA,7453.876190476191,NA,NA,NA,NA,NA,NA,6.610833333333333,NA,NA,NA,NA,NA,NA,NA,NA,NA,NA,NA,NA,NA,1,1238.0206666666666,771.1294123886049,831.2645712435315,0.6228728107300888,HWM-F,Perillo,39,43,20150710,USGS-VWRLSC-2014,Hay,Hay_C,Interior,1238.0206666666666,831.2645712435315,771.1294123886049,0.4588289426666667,5.181496037333333,6.163333333333333,Loam,C,23874.91,4805.8099999999995,60.43,22331.596666666665,4138.993333333333,5630.110000000001,530.325,365.65333333333336,593.3066666666667,NA,NA,NA,NA,2,B,B,2015-07-10,2015
ThMB1,43.97,-73.155,3,6,0,0,9,0.666666666666666,2011,2015,2011,2018.45277777777,7.45277777777778,0.96177680008903,0.284921687731153,2.88480552370274,1172.5,608.920454545454,563.579545454545,0.0625301204819274,735.6,1518,4900,237.999999999999,0.16510343279673803,290.0989733604181,NA,NA,NA,NA,4455.388888888889,0.330206865593476,0.271188940092165,0.430145926888511,0.422057886013005,0.642539682539682,0.136670551040789,4.79,NA,NA,NA,NA,NA,NA,NA,NA,NA,NA,NA,NA,0.5193351424694704,0.666666666666666,1172.5,608.920454545454,563.579545454546,0.5193351424694704,ThMB1,Wiegman,NA,NA,NA,NA,NA,NA,NA,NA,NA,NA,NA,NA,NA,NA,NA,NA,NA,NA,NA,NA,NA,NA,NA,NA,NA,NA,NA,NA,NA,NA,NA,NA,NA
NA,44.848025,-72.7371,NA,NA,NA,NA,NA,0,NA,NA,1995,NA,20,NA,NA,NA,NA,NA,NA,0.028007586552893336,88.6,474.20000000000005,2196,165.79999999999998,0.050338200295258276,316.60084353022665,72.2,12.033333333333333,15.800000000000002,NA,1760.094708994709,NA,NA,NA,NA,NA,NA,0.7553333333333333,NA,NA,NA,NA,NA,NA,NA,NA,NA,NA,NA,NA,NA,0,482.9676666666667,405.5219822607908,77.4456844058758,0.8396462335866324,FSH-F,Perillo,3,21,20150624,USGS-VWRLSC-2014,Forest,Forest_A,Interior,482.9676666666667,77.4456844058758,405.5219822607908,0.13421114633333334,1.6245699856666667,5.246666666666667,Sandy loam,A,10973.82,2936.1465,14.412813333333332,20129.616666666665,1383.2745,4268.117333333333,498.92203333333333,216.46456666666666,182.30506666666668,NA,NA,NA,NA,5,B/D,D,2015-06-24,2015
De1,43.78,-73.0999,4,5,0,0,9,0.555555555555555,2016,2003,2016,2018.53055555555,2.53055555555556,1.01336032806114,0.204097288198854,2.76069764969419,977.5,519.827586206896,457.672413793103,0.044950790779636,551.8,811.999999999999,2800,80.1999999999999,0.2222941720629048,19.662744596114663,NA,NA,NA,NA,2482.296296296295,0.444588344125809,0.355999999999999,0.334883640516609,0.591871921182266,0.601481481481481,0.209413995816093,5.255,NA,NA,NA,NA,NA,NA,NA,NA,NA,NA,NA,NA,0.5317929270658782,0.555555555555555,977.5,519.827586206896,457.67241379310406,0.5317929270658782,De1,Wiegman,NA,NA,NA,NA,NA,NA,NA,NA,NA,NA,NA,NA,NA,NA,NA,NA,NA,NA,NA,NA,NA,NA,NA,NA,NA,NA,NA,NA,NA,NA,NA,NA,NA
MSRS,44.95279296,-72.83237003,12,0,0,0,12,0,NA,1995,1995,2020.77222222222,25.7722222222221,0.0822869394288116,0.821883825662163,0.257424986361156,502.541881188118,23.5299999999999,479.011881188118,0.759075907590758,67.3418811581749,488.798752185291,793.813021411756,NA,0.06729843393393437,163.02210734823873,NA,NA,NA,NA,1000.6455904201753,0.134596867867868,0.153247485935383,0.0697976381740083,0.119993363133197,1.27713301747591,0.0235148190580838,11.0480349344978,33.9563318777292,597.502183406113,427.07423580786,1972.54148471615,20.5065502183406,0.209606986899563,0.733624454148471,5.58951965065502,5.37991266375545,54.8646288209607,44.3144104803493,5.86899563318777,0.046821968239482606,0,502.541881188118,23.5299999999999,479.0118811881181,0.046821968239482606,MSRS,Wiegman,NA,NA,NA,NA,NA,NA,NA,NA,NA,NA,NA,NA,NA,NA,NA,NA,NA,NA,NA,NA,NA,NA,NA,NA,NA,NA,NA,NA,NA,NA,NA,NA,NA
NA,44.03258833333333,-73.13403666666667,NA,NA,NA,NA,NA,NA,NA,NA,NA,NA,NA,NA,NA,NA,NA,NA,NA,NA,NA,NA,NA,NA,NA,NA,NA,NA,NA,NA,NA,NA,NA,NA,NA,NA,NA,NA,NA,NA,NA,NA,NA,NA,NA,NA,NA,NA,NA,NA,NA,NA,NA,NA,NA,NA,NA,Wiegman,NA,NA,NA,NA,NA,NA,NA,NA,NA,NA,NA,NA,NA,NA,NA,NA,NA,NA,NA,NA,NA,NA,NA,NA,NA,NA,NA,NA,NA,NA,NA,NA,NA
NA,44.911172,-72.927914,NA,NA,NA,NA,NA,0,NA,NA,1995,NA,20,NA,NA,NA,NA,NA,NA,0.05032772131649334,324.79999999999995,1523.9999999999998,4108,567.4,0.080718730584511,601.5519084051928,61.53333333333333,29.233333333333334,9.233333333333333,NA,4023.849206349206,NA,NA,NA,NA,NA,NA,1.4236666666666666,NA,NA,NA,NA,NA,NA,NA,NA,NA,NA,NA,NA,NA,0,457.2862333333333,312.65369121815553,144.63254211517778,0.6837155121401837,FTK-F,Perillo,51,25,20150626,USGS-VWRLSC-2014,Forest,Forest_D,Interior,457.2862333333333,144.63254211517778,312.65369121815553,0.24608238566666665,2.919241375666667,5.433333333333333,Sandy loam,D,16824.26,2591.686049,10.031769229333333,15668.050280000001,3640.89,3805.119604333333,735.5464498,203.9374140333333,295.9273191666667,NA,NA,NA,NA,1,D,D,2015-06-26,2015
MSFW,44.95222786,-72.83517561,0,12,0,0,12,1,2020,NA,2020,2020.77222222222,0.772222222222126,0.976669593472032,0.270934837144693,4.20518548387096,963.59606060606,1007.48052117263,-43.8844605665767,0.101010101010104,635.605503007401,1194.53258509737,1268.40562517601,NA,0.3065148088871498,-158.21861080894487,NA,NA,NA,NA,2073.6534894188853,0.613029617774297,0.905223505232051,0.419060463481039,0.463438081658523,1.95327820707459,0.485848058180138,25.87,29.265,238.2,115.72,2080.27999999999,16.975,0.315,0.81,3.39,6.56499999999999,16.9,14.01,1.095,1.045542382706472,1,963.59606060606,953.9600999999993,9.635960606060621,0.99,MSFW,Wiegman,NA,NA,NA,NA,NA,NA,NA,NA,NA,NA,NA,NA,NA,NA,NA,NA,NA,NA,NA,NA,NA,NA,NA,NA,NA,NA,NA,NA,NA,NA,NA,NA,NA
NA,44.832175,-73.002153,NA,NA,NA,NA,NA,0,NA,NA,1995,NA,20,NA,NA,NA,NA,NA,NA,0.16809506666934668,996.6666666666667,2608,6513.333333333334,247.53333333333333,0.15101088790345632,522.7468161158605,37.6,53.56666666666666,8.833333333333334,NA,6599.965608465609,NA,NA,NA,NA,NA,NA,5.269666666666667,NA,NA,NA,NA,NA,NA,NA,NA,NA,NA,NA,NA,NA,0,1397.186333333333,1035.4830412520337,361.70329208129965,0.7411202189343158,WRR-F,Perillo,43,52,20150727,USGS-VWRLSC-2014,Wetland,Wetland_C,Interior,1397.186333333333,361.70329208129965,1035.4830412520337,0.781160255,9.750293890333333,5.864999999999999,Loam,C,25061.47666666667,7057.486333333333,33.355673333333336,26042.943333333333,6185.735000000001,6157.6320000000005,477.27579999999995,359.23139999999995,1069.9741333333334,NA,NA,NA,NA,5,B/D,D,2015-07-27,2015
OCSP,43.91913,-73.17501818181817,8,1,0,0,9,0.111111111111111,1995,2003,1995,2019.51944444444,24.5194444444443,0.4949111240408903,0.48561684406228206,0.6934613628150836,1114.4708159930556,369.13389253944666,745.3369234536083,0.2046823910104951,636.9056867287994,1931.828138944781,3037.2617330864937,89.82992388495025,0.16742237423107775,259.5860729369135,8.30772727272727,80.55590909090903,11.136363636363637,91.60136363636363,3899.366216799957,0.33484474846215456,0.45341947631785423,0.3096037881573768,0.30130674573619604,1.6274824484222012,0.097765172279673615,5.168074883869786,13.303981522256343,87.37479058845396,171.765687952969,1860.448329682765,51.069954651869004,0.17802455853567828,0.7775421707923071,91.56759548141709,27.678137369713337,35.24585951501467,41.626572568377405,3.042939993542534,0.3395521387004024,0.111111111111111,1114.4708159930556,369.13389253944666,745.336923453609,0.3395521387004024,OCSP,Wiegman,NA,NA,NA,NA,NA,NA,NA,NA,NA,NA,NA,NA,NA,NA,NA,NA,NA,NA,NA,NA,NA,NA,NA,NA,NA,NA,NA,NA,NA,NA,NA,NA,NA
De2,43.78,-73.0961,2,7,0,0,9,0.777777777777777,2018,1993,2018,2018.53055555555,0.530555555555565,0.994585151624572,0.233553085849683,0.384052364823005,897.5,486.25,411.25,0.0641857928719198,357.8,761.333333333333,3573.33333333333,193.333333333333,0.1254462011070933,298.82456411810267,NA,NA,NA,NA,2852.2186948853596,0.250892402214186,0.180881078478574,0.371848992145327,0.409324331958646,0.441901603095633,0.170481317183689,6.005,NA,NA,NA,NA,NA,NA,NA,NA,NA,NA,NA,NA,0.541782729805014,0.777777777777777,897.5,486.25,411.25,0.541782729805014,De2,Wiegman,NA,NA,NA,NA,NA,NA,NA,NA,NA,NA,NA,NA,NA,NA,NA,NA,NA,NA,NA,NA,NA,NA,NA,NA,NA,NA,NA,NA,NA,NA,NA,NA,NA
NA,44.909256,-72.981822,NA,NA,NA,NA,NA,0,NA,NA,1995,NA,20,NA,NA,NA,NA,NA,NA,0.06353668367588,158.16,1065.6,3316.8,233.88,0.05169383632215108,546.1959640576958,29.599999999999998,48.26666666666667,22.133333333333336,NA,3059.552380952381,NA,NA,NA,NA,NA,NA,0.9772993333333333,NA,NA,NA,NA,NA,NA,NA,NA,NA,NA,NA,NA,NA,0,372.8468,309.4257477819488,63.42105221805119,0.829900505467524,FSS-F,Perillo,49,23,20150525,USGS-VWRLSC-2014,Forest,Forest_D,Interior,372.8468,63.42105221805119,309.4257477819488,0.173464496,3.6854224870000003,6.04,Loam,D,18266.22333333333,5009.5,22.279999999999998,20635.396666666667,3350.7833333333333,5779.973333333332,473.85999999999996,220.7966666666667,445.40333333333336,NA,NA,NA,NA,8,not rated,not rated,2015-05-25,2015
La1,43.87,-73.1543,4,5,0,0,9,0.555555555555555,2009,2011,2009,2018.56111111111,9.56111111111113,0.818393882366926,0.351021367798032,0.303052807528816,877.5,466.25,411.25,0.0592020175144307,412.6,810,3560,73,0.14224082738241814,255.18899419732332,NA,NA,NA,NA,2900.714285714286,0.284481654764836,0.20936571221457,0.41563270816469,0.443655913978494,0.47191011235955,0.160736271854223,2.74,NA,NA,NA,NA,NA,NA,NA,NA,NA,NA,NA,NA,0.5313390313390314,0.555555555555555,877.5,466.25,411.25,0.5313390313390314,La1,Wiegman,NA,NA,NA,NA,NA,NA,NA,NA,NA,NA,NA,NA,NA,NA,NA,NA,NA,NA,NA,NA,NA,NA,NA,NA,NA,NA,NA,NA,NA,NA,NA,NA,NA
GooF2,43.9560777777778,-73.1525805555556,5,5,0,0,10,0.5,2016,2003,2016,2021.44722222222,5.4472222222223,0.4596549814,0.5287325972,1.004552105,1483.92962711864,514.310612244897,969.619014873746,0.1966101695,789.447236180904,2586.18090452261,4604.27135678391,111.557788944723,0.14306473882523568,480.9068990898628,1.7,82.1,16.3,98.3,5518.111888809115,0.286129477650471,0.309733749944989,0.294036606415655,0.265868128355318,1.16499014703653,0.0932040927419274,3.5,11,112,289,2906,44,0.3,1.4,145,33,65,35,4.3,0.3465869289526477,0.5,1483.92962711864,514.310612244897,969.6190148737429,0.3465869289526477,GooF2,Wiegman,NA,NA,NA,NA,NA,NA,NA,NA,NA,NA,NA,NA,NA,NA,NA,NA,NA,NA,NA,NA,NA,NA,NA,NA,NA,NA,NA,NA,NA,NA,NA,NA,NA
DMF,44.50285,-73.2135,5,7,0,0,12,0.583333333333333,2012,2008,2012,2021.44722222222,9.4472222222223,1.0665495418666666,0.1906261383729685,0.5090413017915202,982.8592890478295,718.8826765736753,263.9766124741563,0.0502749430091409,384.89558543678794,910.9699949613862,3648.8038572712708,346.87117596367324,0.12576060063888445,320.5979260643819,30.933333333333334,62.43333333333334,6.7,69.06666666666668,3065.8020765800397,0.25152120127776845,0.1908579072234316,0.3671604521652798,0.3688048253975072,0.5178371527652115,0.23481094196779911,0.9094232446812461,2.6212123085277144,53.88250297602821,98.24020682583465,874.6180308259032,25.51043138970574,0.12852325370642292,0.6873745521178545,6.801732480775642,11.670297007129339,5.970720749272854,3.1359323209062415,1.5522292189715576,0.7311953411410776,0.583333333333333,982.8592890478295,718.8826765736753,263.97661247415425,0.7311953411410776,DMF,Wiegman,NA,NA,NA,NA,NA,NA,NA,NA,NA,NA,NA,NA,NA,NA,NA,NA,NA,NA,NA,NA,NA,NA,NA,NA,NA,NA,NA,NA,NA,NA,NA,NA,NA
MLFW,44.99193797,-72.87346481,0,13,0,0,13,1,2020,NA,2020,2020.77222222222,0.772222222222126,0.763193397579071,0.383663304694309,1.39921787054039,995.76135451505,195.742046979865,800.019307535184,0.177257525083603,431.271728504844,1257.17731792402,2001.21337056947,NA,0.1690439428206535,156.0629973834632,NA,NA,NA,NA,2551.2403538907047,0.338087885641306,0.389299572456605,0.411247579243135,0.298783439838657,1.30294896084878,0.0767242673475878,5.695,12.3799999999999,112.515,164.155,2151.375,30.93,0.19,0.78,12.835,9.34,27.895,20.205,8.115,0.19657525981734264,1,995.76135451505,195.742046979865,800.019307535185,0.19657525981734264,MLFW,Wiegman,NA,NA,NA,NA,NA,NA,NA,NA,NA,NA,NA,NA,NA,NA,NA,NA,NA,NA,NA,NA,NA,NA,NA,NA,NA,NA,NA,NA,NA,NA,NA,NA,NA
NA,44.707528,-72.83325,NA,NA,NA,NA,NA,0,NA,NA,1995,NA,20,NA,NA,NA,NA,NA,NA,0.13273853106792,576.8000000000001,4160,7440,786.6400000000001,0.06484638308756611,1470.9352081040904,53.400000000000006,40.699999999999996,5.900000000000001,NA,8894.867724867725,NA,NA,NA,NA,NA,NA,1.7986666666666666,NA,NA,NA,NA,NA,NA,NA,NA,NA,NA,NA,NA,NA,0,1092.9003333333333,710.3451263110555,382.5552070222778,0.6499633174641929,WBF-F,Perillo,41,46,20150617,USGS-VWRLSC-2014,Wetland,Wetland_C,Interior,1092.9003333333333,382.5552070222778,710.3451263110555,0.441302425,7.699450758,5.183333333333334,Sandy loam,C,17115.463333333333,5921.9766666666665,34.10333333333333,26421.606666666663,1949.1733333333334,6097.453333333334,1281.6866666666667,232.24,1189.24,NA,NA,NA,NA,5,B/D,D,2015-06-17,2015
MLFE,44.9918321,-72.87202853,9,4,0,0,13,0.307692307692307,2015,2003,2015,2020.77222222222,5.77222222222212,0.545575934323029,0.503855125625456,0.156545028456645,900.554950166113,167.182173913043,733.372776253069,0.186046511627911,384.333552553637,1486.23809969047,2813.93118213373,NA,0.11774443699555846,367.12011125069296,NA,NA,NA,NA,3264.1334262622936,0.235488873991116,0.246729547016459,0.34615730443143,0.225227792563921,1.09546670154588,0.0512179350782484,3.03,8.51,158.17,174.84,1839.545,65.685,0.125,0.3,41.48,16.81,23.095,21.595,2.8,0.18564350113472275,0.307692307692307,900.554950166113,167.182173913043,733.37277625307,0.18564350113472275,MLFE,Wiegman,NA,NA,NA,NA,NA,NA,NA,NA,NA,NA,NA,NA,NA,NA,NA,NA,NA,NA,NA,NA,NA,NA,NA,NA,NA,NA,NA,NA,NA,NA,NA,NA,NA
OCDAS,43.7800805555556,-73.0948944444444,2,7,0,0,9,0.777777777777777,2020,2003,2020,2021.525,1.52500000000009,0.8932819456,0.32516383160930684,1.9349446529643475,862.7538059278997,461.127522810431,401.62628311747073,0.07136274077562224,343.24721965868065,1048.641889834634,2783.3674996530244,65.20693141791621,0.1242122055143163,291.01168944079393,30.066666666666666,62.43333333333333,7.5,69.93333333333334,2744.7889669064193,0.24842441102863166,0.2223899924857479,0.4802211060888308,0.2819011045233006,0.782576787951492,0.16727018896228155,3.861318509447674,6.674294212020914,44.958209975673526,104.02148721726287,1212.2644015015692,24.970849149968554,0.15146867894920404,0.6509239812260614,24.752699985908343,5.427608637813395,19.44678322759113,8.633378760999822,2.1055717108656076,0.5333479856268017,0.777777777777777,862.7538059278997,461.127522810431,401.6262831174688,0.5333479856268017,OCDAS,Wiegman,NA,NA,NA,NA,NA,NA,NA,NA,NA,NA,NA,NA,NA,NA,NA,NA,NA,NA,NA,NA,NA,NA,NA,NA,NA,NA,NA,NA,NA,NA,NA,NA,NA
NA,44.984611,-72.386319,NA,NA,NA,NA,NA,0.75,NA,NA,2012,NA,3,NA,NA,NA,NA,NA,NA,0.044262468414626666,456,1474.4,4520,500.79999999999995,0.10870154725396917,509.7471166407634,26.366666666666664,62.5,11.1,NA,4194.972486772486,NA,NA,NA,NA,NA,NA,1.5733333333333333,NA,NA,NA,NA,NA,NA,NA,NA,NA,NA,NA,NA,NA,0.75,807.4680333333334,582.3363471277412,225.13168620559222,0.7211881128269323,WCG-F,Perillo,19,48,20150706,USGS-VWRLSC-2014,Wetland,Wetland_B,Interior,807.4680333333334,225.13168620559222,582.3363471277412,0.196403462,2.5674285623333333,6.023333333333333,Silt loam,B,18605.286666666667,4629.572666666667,25.091993333333335,25628.983333333337,2531.346666666667,8253.843666666668,930.6178,234.30343333333334,376.34116666666665,NA,NA,NA,NA,5,B/D,D,2015-07-06,2015
NA,44.970786,-73.168961,NA,NA,NA,NA,NA,NA,NA,NA,NA,NA,NA,NA,NA,NA,NA,NA,NA,0.06058155076634666,363.28,967.2,3724.8,298.08,0.11451152588370443,367.06252814062486,34.56666666666667,55.76666666666667,9.666666666666668,NA,3172.431746031746,NA,NA,NA,NA,NA,NA,3.141,NA,NA,NA,NA,NA,NA,NA,NA,NA,NA,NA,NA,NA,NA,879.3186101333334,743.5077886148903,135.81082151844305,0.8455499292823453,WLR-F,Perillo,58,50,20150722,USGS-VWRLSC-2014,Wetland,Wetland_D,Interior,879.3186101333334,135.81082151844305,743.5077886148903,0.258891374,3.514011065333333,7.4433333333333325,Silt loam,D,18355.864803333334,15087.857342999998,16.537294396666667,21765.63404666667,3427.0046653333334,6996.75067,658.5136663666667,329.1810671,534.0706256333333,NA,NA,NA,NA,5,B/D,D,2015-07-22,2015
MSRN,44.953236,-72.83358744,12,0,0,0,12,0,NA,1995,1995,2020.77222222222,25.7722222222221,0.310940272485156,0.556370383459975,0.348509691769939,703.373859060402,144.262046979865,559.111812080537,0.218120805369133,317.919167569764,1330.90783941337,1730.03914648495,NA,0.12789515446557184,254.34549004404968,NA,NA,NA,NA,2485.779612982483,0.255790308931143,0.331961039260938,0.195995247574001,0.208051475313493,1.59557166687108,0.05803493046062,2.16,5.125,58.66,215.805,3307.69499999999,31.175,0.214999999999999,0.33,6.86,10.53,7.57,18.1699999999999,2.14,0.20510009736866913,0,703.373859060402,144.262046979865,559.111812080537,0.20510009736866913,MSRN,Wiegman,NA,NA,NA,NA,NA,NA,NA,NA,NA,NA,NA,NA,NA,NA,NA,NA,NA,NA,NA,NA,NA,NA,NA,NA,NA,NA,NA,NA,NA,NA,NA,NA,NA
MLR,44.99257459,-72.87267514,13,0,0,0,13,0,NA,1995,1995,2020.77222222222,25.7722222222221,0.453965255931085,0.473014171329022,0.192741827885256,630.896526845637,202.783211920529,428.113314925107,0.164429530201341,426.980945197782,1903.15177486219,4300.22704278137,NA,0.09352166940402892,624.0864085671304,NA,NA,NA,NA,4565.583013206858,0.187043338808058,0.179367370480185,0.259121491499557,0.195405660547131,0.917923104059325,0.0444156225686705,1.85999999999999,6.27,92.545,183.969999999999,1916.45999999999,75.19,0.14,0.3,33.91,29.305,14.215,17.5649999999999,3.84,0.32142071368566033,0,630.896526845637,202.783211920529,428.11331492510806,0.32142071368566033,MLR,Wiegman,NA,NA,NA,NA,NA,NA,NA,NA,NA,NA,NA,NA,NA,NA,NA,NA,NA,NA,NA,NA,NA,NA,NA,NA,NA,NA,NA,NA,NA,NA,NA,NA,NA
CVHF,44.2636194444444,-73.0684694444444,2,9,0,0,11,0.818181818181818,2018,1993,2018,2021.525,3.52500000000009,0.9508018835166666,0.28666146185496344,16.560427349985744,1874.5626483053138,1575.603847889774,298.95880041553767,0.08313659676557959,1106.5962131991228,1028.9869223064748,2825.4242881657633,116.37211848348755,0.40155622273952707,-474.58466610955867,50.96666666666667,44.9,4.2,49.03333333333333,2745.5035888351745,0.8031124454790536,0.7059800096379788,0.4348212832441981,0.9318624542846913,0.757091587400807,0.5776744685962224,54.96732121775433,60.241121639940125,303.3427244788627,238.48342414734356,2300.794084640624,8.841146316667281,0.5398629193607138,0.8554115944828744,6.119511508267356,5.390024132910845,9.235015740810729,9.352107321938142,3.3061213337066846,0.8412118386009008,0.818181818181818,1874.5626483053138,1575.603847889774,298.9588004155398,0.8412118386009008,CVHF,Wiegman,NA,NA,NA,NA,NA,NA,NA,NA,NA,NA,NA,NA,NA,NA,NA,NA,NA,NA,NA,NA,NA,NA,NA,NA,NA,NA,NA,NA,NA,NA,NA,NA,NA
De3,43.79,-73.0999,9,0,0,0,9,0,NA,1993,1993,2018.55833333333,25.5583333333333,0.170918152278753,0.709224332403061,0.449286441665728,1370,416.25,953.75,0.298342541436462,799,2900,8260,275.999999999999,0.10111198340812955,1020.1916464767625,NA,NA,NA,NA,7902.12962962963,0.202223966816259,0.174740295243302,0.129576673023422,0.239966629588431,0.728185812931575,0.052675673458866,2.775,NA,NA,NA,NA,NA,NA,NA,NA,NA,NA,NA,NA,0.30383211678832117,0,1370,416.25,953.75,0.30383211678832117,De3,Wiegman,NA,NA,NA,NA,NA,NA,NA,NA,NA,NA,NA,NA,NA,NA,NA,NA,NA,NA,NA,NA,NA,NA,NA,NA,NA,NA,NA,NA,NA,NA,NA,NA,NA
NA,44.866628,-72.802908,NA,NA,NA,NA,NA,1,NA,NA,2015,NA,0,NA,NA,NA,NA,NA,NA,0.03492245418129333,730.6666666666667,1325.3333333333333,3602.666666666667,338.8,0.20781117778628289,78.77339417275778,50.79999999999999,43.6,5.6000000000000005,NA,3516.0123456790125,NA,NA,NA,NA,NA,NA,12.747596333333334,NA,NA,NA,NA,NA,NA,NA,NA,NA,NA,NA,NA,NA,1,1232.6233333333332,828.6042333333334,404.0191,0.6722282557255934,CTH-F,Perillo,27,11,20150610,USGS-VWRLSC-2014,Corn,Corn_C,Interior,1232.6233333333332,404.0191,828.6042333333334,0.22006988033333333,2.025664395666667,6.25,Sandy loam,C,13710.843333333332,8329.49,25.209999999999997,18989.823333333334,2417.605,4725.3966666666665,633.16,227.84333333333333,415.30333333333334,NA,NA,NA,NA,5,B/D,D,2015-06-10,2015
De1y21,43.7807333333333,-73.0996944444444,4,5,0,0,9,0.555555555555555,2016,2003,2016,2021.525,5.52500000000009,1.180322938352493,0.2788427442,2.742788156,945.094102564102,615.483076923077,329.611025641025,0.0448717948717927,444.642857142857,890.051020408163,2570.66326530612,28.5714285714285,0.18186127961964635,118.22361600554927,NA,NA,NA,NA,2444.9561669906043,0.363722559239292,0.312458585024344,0,0.43510942223948,0.718114959258156,0.251735832827076,6.295,9.275,113.985,105.6,470.69,38.125,0.095,2.34,63.78,5.1149999999999904,9.315,4.43,2.665,0.6512399931956312,0.555555555555555,945.094102564102,615.483076923077,329.611025641025,0.6512399931956312,De1y21,Wiegman,NA,NA,NA,NA,NA,NA,NA,NA,NA,NA,NA,NA,NA,NA,NA,NA,NA,NA,NA,NA,NA,NA,NA,NA,NA,NA,NA,NA,NA,NA,NA,NA,NA
MSFE,44.95267188,-72.83421127,3,9,0,0,12,0.75,2020,1995,2020,2020.77222222222,0.772222222222126,0.928750213033297,0.255902244082385,0.103084376261606,514.2432,300.466960784313,213.776239215686,0.0866666666666658,194.775860523647,855.375360302411,2264.32387133539,NA,0.08712610301221128,319.8850047614424,NA,NA,NA,NA,2235.5626361062873,0.174252206024422,0.15538994745926,0.365910603791001,0.198326371435162,0.783506229326952,0.134403284404341,1.615,3.86,72.485,143.76,1559.1,39.855,0.125,0.81,16.865,6.795,18.7799999999999,15.6,1.9,0.5842896139109142,0.75,514.2432,300.466960784313,213.77623921568699,0.5842896139109142,MSFE,Wiegman,NA,NA,NA,NA,NA,NA,NA,NA,NA,NA,NA,NA,NA,NA,NA,NA,NA,NA,NA,NA,NA,NA,NA,NA,NA,NA,NA,NA,NA,NA,NA,NA,NA
NA,44.907006,-72.663636,NA,NA,NA,NA,NA,1,NA,NA,2015,NA,0,NA,NA,NA,NA,NA,NA,0.05992948610236,824.8000000000001,3046.4000000000005,6576,204.88,0.11555050586961749,818.478240354791,30.099999999999998,62.666666666666664,7.233333333333333,NA,7138.004232804234,NA,NA,NA,NA,NA,NA,3.0796666666666668,NA,NA,NA,NA,NA,NA,NA,NA,NA,NA,NA,NA,NA,1,1198.604,945.4358896054704,395.4023125979108,0.7887808564008383,HLB-F,Perillo,35,33,20150619,USGS-VWRLSC-2014,Hay,Hay_C,Interior,1198.604,395.4023125979108,945.4358896054704,0.3014640343333333,3.476188289,5.373333333333334,Silt loam,C,23420.226666666666,4587.813333333333,20.433333333333334,26548.350000000002,2975.36,7158.079999999999,704.0566666666667,387.71999999999997,560.59,NA,NA,NA,NA,5,B/D,D,2015-06-19,2015
LC,44.29477090909091,-73.17386363636363,7,2,0,0,9,0.222222222222222,2003,2006,2003,2019.51944444444,16.5194444444443,0.5211955166336234,0.50363667381077,0.3183131371185826,886.9609493165376,319.21610530623576,567.7448440103017,0.19812669412259953,361.2394344983224,2381.6760073383016,2602.394191527073,41.6005070009289,0.08876911776784567,596.8486380686485,21.462727272727218,52.28727272727268,26.25,78.53727272727278,4175.127967623976,0.1775382355356907,0.26475716373493674,0.3646001358999019,0.13654577690246414,1.9567716956011527,0.08093093596359441,5.225550258580412,11.427231613232468,142.7248601738488,865.0972458877179,3330.2758946154877,11.5321426824941,0.4373984555068331,1.1280565162532927,16.418158837254346,12.894123981941105,28.015333690896824,23.368493481539605,3.3522001494113525,0.3635242953961776,0.222222222222222,886.9609493165376,319.21610530623576,567.7448440103018,0.3635242953961776,LC,Wiegman,NA,NA,NA,NA,NA,NA,NA,NA,NA,NA,NA,NA,NA,NA,NA,NA,NA,NA,NA,NA,NA,NA,NA,NA,NA,NA,NA,NA,NA,NA,NA,NA,NA
NA,44.911203,-72.927236,NA,NA,NA,NA,NA,1,NA,NA,2015,NA,0,NA,NA,NA,NA,NA,NA,0.046400299541119995,700,1760,4405.0455999999995,439.80000000000007,0.15697713608874236,326.587429140207,36.56666666666667,46.833333333333336,16.599999999999998,NA,4459.248126455026,NA,NA,NA,NA,NA,NA,7.896333333333334,NA,NA,NA,NA,NA,NA,NA,NA,NA,NA,NA,NA,NA,1,1089.9950000000001,710.6700403555345,379.32495964446565,0.6519938535089926,CTK-F,Perillo,29,13,20150626,USGS-VWRLSC-2014,Corn,Corn_C,Interior,1089.9950000000001,379.32495964446565,710.6700403555345,0.25379414699999997,2.6914326880000004,6.896666666666667,Loam,C,24830.37,4637.483666666667,30.353516666666668,22911.03,5856.578333333334,6219.5199999999995,700.6300000000001,427.72883333333334,456.49690000000004,NA,NA,NA,NA,1,D,D,2015-06-26,2015
OCD,43.78147545454546,-73.09675454545454,9,0,0,0,9,0,NA,1993,1993,2019.51944444444,26.5194444444443,0.48261080972665316,0.5111960436544869,0.22053197123133236,1091.28376129855,352.9171467907719,738.3666145077805,0.20770846851538086,601.572205723415,1930.7809366231668,5899.783527739328,480.57365653883625,0.11035888738653253,659.840476287777,8.031363636363615,81.74136363636359,10.227272727272727,91.96863636363638,5482.774152576479,0.2207177747730643,0.19093706026761814,0.3062506156136158,0.2717041873258251,0.7119460089634203,0.06505636463275843,4.351532165865751,11.141852395441317,83.22983320541539,264.325269409747,1859.7219854772968,41.610937935680006,0.1975010418087731,1.0379198107674403,93.28991500176738,62.88438702079857,48.12186306930489,34.83078127812328,4.437459690656958,0.3217036277017004,0,1091.28376129855,352.9171467907719,738.366614507778,0.3217036277017004,OCD,Wiegman,NA,NA,NA,NA,NA,NA,NA,NA,NA,NA,NA,NA,NA,NA,NA,NA,NA,NA,NA,NA,NA,NA,NA,NA,NA,NA,NA,NA,NA,NA,NA,NA,NA
Ke1,43.80959,-73.14985,7,2,0,0,9,0.222222222222222,2003,2006,2003,2018.6534722222175,15.653472222222174,0.5412869889389422,0.5041310414709123,0.277218972422063,1260.4852646397467,558.9065583041371,701.5787063356131,0.12460515352367432,731.3911075450926,1759.9145908117393,2507.6727612682575,62.19613118468533,0.21507981540471982,52.1087930468689,5.30500000000003,84.6949999999999,10,94.69499999999996,3408.8186711843327,0.43929473386522033,0.54273982621779,0.4319698207584477,0.3704020969432159,1.466951977582583,0.1635777410105931,7.526015931926364,13.240987355490622,27.29321978791903,95.97210108263305,1151.1019377788325,99.70216685545341,0.14227140075439626,0.8134071011315944,181.19612363446836,17.497711555193117,146.8280908904745,28.377480515836965,1.4642655591776053,0.4430678999711242,0.222222222222222,1260.4852646397467,558.9065583041371,701.5787063356096,0.4430678999711242,Ke1,Wiegman,NA,NA,NA,NA,NA,NA,NA,NA,NA,NA,NA,NA,NA,NA,NA,NA,NA,NA,NA,NA,NA,NA,NA,NA,NA,NA,NA,NA,NA,NA,NA,NA,NA
Sa3,43.868455,-73.17975000000001,10,0,0,0,10,0,NA,1993,1993,2018.606249999995,25.60624999999995,0.2626361288404775,0.7321459657583526,0.207499393905152,1108.1319920669391,400.64625119918105,707.4857408677601,0.2572785554891612,633.4048236714791,1963.77319734905,3727.7584433048105,120.28581309180123,0.15475858019403785,346.2302465868112,2.83999999999998,80.91,16.25,97.160000000000025,4318.283126748728,0.3010814970671636,0.3209118972153533,0.22457848484118717,0.31025502409219124,1.0430995458921377,0.09650266887098707,4.430107110259914,15.073486252891811,99.02352611671773,350.2716860423314,3266.0253157924776,71.08095876758837,0.24381236775229043,0.9554493647715683,130.50149491108806,76.65957382457727,72.88988483692668,262.68659390689055,11.360800527195805,0.37173347394939327,0,1108.1319920669391,400.64625119918105,707.4857408677581,0.37173347394939327,Sa3,Wiegman,NA,NA,NA,NA,NA,NA,NA,NA,NA,NA,NA,NA,NA,NA,NA,NA,NA,NA,NA,NA,NA,NA,NA,NA,NA,NA,NA,NA,NA,NA,NA,NA,NA
NA,44.908867,-73.105639,NA,NA,NA,NA,NA,0.1,NA,NA,1995,NA,20,NA,NA,NA,NA,NA,NA,0.037168990001520005,288.53333333333336,949.3333333333334,3154.666666666667,333.2,0.10172846814456281,364.42849216802443,62.23333333333333,30.099999999999998,7.7,NA,2836.3086419753085,NA,NA,NA,NA,NA,NA,1.668,NA,NA,NA,NA,NA,NA,NA,NA,NA,NA,NA,NA,NA,0.1,645.196,569.7496129075829,75.44638709241711,0.88306439114251,FMS-F,Perillo,11,19,20150715,USGS-VWRLSC-2014,Forest,Forest_B,Interior,645.196,75.44638709241711,569.7496129075829,0.13097377333333335,2.1559738980000005,5.613333333333333,Sandy loam,B,13699.256666666666,4654.441333333333,16.25733,19493.070000000003,2458.8063333333334,5797.066666666666,677.9902000000001,309.83476666666667,309.72369999999995,NA,NA,NA,NA,4,C,C,2015-07-15,2015
RRF,44.94554848,-72.89167916,0,11,0,0,11,1,2020,NA,2020,2020.77222222222,0.772222222222126,0.825973930156212,0.278895433335883,0.395932469572045,1122.71789808917,476.283913043477,646.433985045694,0.117834394904455,512.179793767987,1689.43129612442,4168.226147262,NA,0.12059437707963426,465.5743963002757,NA,NA,NA,NA,4247.128317017386,0.241188754159268,0.221971644978135,0.334674463598093,0.264048665054581,0.840646722952571,0.112142576699437,1.46499999999999,5.415,79.565,214.385,2745.38,23.39,0.26,0.695,5.99,8.695,32.935,6.52499999999999,1.705,0.42422403157026095,1,1122.71789808917,476.283913043477,646.4339850456929,0.42422403157026095,RRF,Wiegman,NA,NA,NA,NA,NA,NA,NA,NA,NA,NA,NA,NA,NA,NA,NA,NA,NA,NA,NA,NA,NA,NA,NA,NA,NA,NA,NA,NA,NA,NA,NA,NA,NA
De4,43.78,-73.0969,9,0,0,0,9,0,NA,1993,1993,2018.55833333333,25.5583333333333,0.35558576554436,0.509255295035736,0.452088136680932,1257.5,427.016129032258,830.483870967742,0.199095022624434,570.6,1692,4420,135.8,0.1299934366473744,439.919376206484,NA,NA,NA,NA,4389.452380952381,0.259986873294748,0.233203911837687,0.209148120571295,0.293719972546328,0.793966817496229,0.0972823240742409,3.64,NA,NA,NA,NA,NA,NA,NA,NA,NA,NA,NA,NA,0.33957545052267035,0,1257.5,427.016129032258,830.483870967742,0.33957545052267035,De4,Wiegman,NA,NA,NA,NA,NA,NA,NA,NA,NA,NA,NA,NA,NA,NA,NA,NA,NA,NA,NA,NA,NA,NA,NA,NA,NA,NA,NA,NA,NA,NA,NA,NA,NA
